{
    "accuracy": 0.935,
    "precision": 0.8636363636363636,
    "recall": 0.9344262295081968,
    "f1_score": 0.8976377952755905
}
